{
    "accuracy": 0.8264,
    "precision": 0.8299980111987703,
    "recall": 0.8264,
    "f1_score": 0.8258345291630156
}